 {"data": [{
          "root_chairs": "/home/deu/Datasets/FlyingChairs2/",
          "run_at": false,
          "test_shape": [384, 512],
          "train_n_frames": 2,
          "type": "Chairs",
          "val_n_frames": 2,
          "val_subsplit": "val"}],
  "data_aug": {"crop": true,
               "hflip": true,
               "para_crop": [256, 448],
               "swap": true},
 "loss": {"edge_constant": 150,
          "type": "uflow_elbo",
          "w_smooth": 4.0,
          "penalty_smooth": "gmm",
          "penalty_smooth_pi": [0.6142385, 0.18683255, 0.08458639, 0.04736304, 0.034026437, 0.015653124, 0.012009228, 0.0030902755, 0.0015197212, 0.0006806806],
          "penalty_smooth_beta": [3.1092725, 0.06315372, 0.009403812, 0.003426427, 0.0025579904, 0.0007372764, 0.00044421712, 0.0003139402, 4.7309068e-06, 3.0201633e-07],
          "w_census": 1.0,
          "penalty_census": "gmm",
          "penalty_census_pi": [0.067531064, 0.00531184, 0.0020924346, 0.0002076141, 3.0250165e-05, 0.0025382563, 0.0066334084, 0.040437143, 0.07933466, 0.79588336],
          "penalty_census_beta": [3.2448268, 0.02025179, 0.010151853, 0.0020836794, 1.637905e-05, 5.2829646e-06, 4.249092e-06, 2.1278456e-06, 1.2758659e-06, 1.7127788e-07],
          "w_entropy": 0.05,
          "with_bk": true,
          "align_corners": false,
          "diag": true,
          "diag_dominant": false,
          "inv_cov": false,
          "approx_entropy": false,
          "occu_mean": false,
          "n_samples": 1,
          "offdiag_reg": 0.0},
 "model": {"type": "uflow_prob",
           "feature_norm": true,
           "level_dropout": 0.1,
           "align_corners": false,
           "out_channels": 4,
           "inv_cov": false},
 "seed": 0,
 "train": {"batch_size": 32,
           "beta": 0.999,
           "bias_decay": 0,
           "epoch_num": 1000,
           "epoch_size": 250,
           "lr": 0.0001,
           "lr_decay_start_epoch": 800,
           "lr_decay_factor": 0.98,
           "momentum": 0.9,
           "n_gpu": 1,
           "optim": "adam",
           "pretrained_model": null,
           "print_freq": 10,
           "record_freq": 1,
           "save_iter": 10000,
           "val_epoch_size": 10,
           "valid_size": 0,
           "weight_decay": 1e-06,
           "workers": 4,
           "sp_samples": 25,
           "clip": -1.0},
 "trainer": "ChairsElbo"}